﻿<?xml version="1.0" encoding="UTF-8" standalone="yes"?>
<Picture>
	<PictureVariant name="DCSSCommands_85.png" screenDensity="bldpi" glyphWidth="14" glyphHeight="14"/>
	<PictureVariant name="DCSSCommands_100.png" screenDensity="ldpi" glyphWidth="16" glyphHeight="16"/>
	<PictureVariant name="DCSSCommands_125.png" screenDensity="aldpi" glyphWidth="20" glyphHeight="20"/>
	<PictureVariant name="DCSSCommands_150.png" screenDensity="mdpi" glyphWidth="24" glyphHeight="24"/>
	<PictureVariant name="DCSSCommands_175.png" screenDensity="amdpi" glyphWidth="28" glyphHeight="28"/>
	<PictureVariant name="DCSSCommands_200.png" screenDensity="hdpi" glyphWidth="32" glyphHeight="32"/>
	<PictureVariant name="DCSSCommands_300.png" screenDensity="xdpi" glyphWidth="48" glyphHeight="48"/>
	<PictureVariant name="DCSSCommands_400.png" screenDensity="udpi" glyphWidth="64" glyphHeight="64"/>

	<PictureVariant name="DCSSCommands.png" interfaceVariant="version8_2" screenDensity="ldpi" glyphWidth="16" glyphHeight="16"/>
	<PictureVariant name="DCSSCommands.png" interfaceVariant="version8_2_OrdinaryApp" screenDensity="ldpi" glyphWidth="16" glyphHeight="16"/>
	<PictureVariant name="DCSSCommands_old.png" interfaceVariant="version8_0" screenDensity="ldpi" glyphWidth="16" glyphHeight="16"/>

	<PictureVariant name="h.png" interfaceVariant="taxiMobile" screenDensity="hdpi"/>
	<PictureVariant name="l.png" interfaceVariant="taxiMobile" screenDensity="ldpi"/>
	<PictureVariant name="m.png" interfaceVariant="taxiMobile" screenDensity="mdpi"/>
	<PictureVariant name="x.png" interfaceVariant="taxiMobile" screenDensity="xdpi"/>
</Picture>
